airline,website
Delta,https://www.delta.com
Alaska Airlines,https://www.alaskaair.com
American Airlines,https://www.aa.com
United,https://www.united.com
Southern Airways Express,https://www.iflysouthern.com
JetBlue Airways,https://www.jetblue.com
Frontier Airlines,https://www.flyfrontier.com
Cape Air,https://www.capeair.com
Key Lime Air,https://www.keylimelime.com
Contour Airlines,https://www.contourairlines.com
Boutique Air,https://www.boutiqueair.com
Sun Country Airlines,https://www.suncountry.com
Silver Airways,https://www.silverairways.com
Hawaiian Airlines,https://www.hawaiianairlines.com
